left_elbow,right_elbow,left_knee,right_knee,label
167.07321680162613,172.36865540240257,177.03522151487132,175.69382843013312,downdog
169.1013973045643,174.22751491720084,177.8589054979101,179.61647910421425,downdog
170.83245115854103,170.1227056415337,138.95624565686663,141.2255571295422,downdog
176.15233049234897,179.10410132336864,165.6874421231713,172.23900455302336,downdog
169.67093532579796,169.9711736493746,178.31727740216385,176.62621653548277,downdog
172.8352253666196,170.66808060917378,179.3306956159222,179.81891321181067,downdog
163.72825486229385,163.41620826261405,175.68569149050143,175.45334378044154,downdog
170.51108518737968,176.7613040663064,178.50975517277897,175.74686054325713,downdog
171.42344531528235,162.10209200417225,178.15968581002934,173.33880682758172,downdog
170.92756375424565,172.61055275746753,174.9729111903611,173.0472697645224,downdog
171.8896923938164,179.66090848111858,177.52378156481396,172.72322330894167,downdog
166.1833627196804,165.77946296104656,179.91710386903785,179.2771406314058,downdog
118.88382071140802,135.8751529628797,171.320067906754,171.21270554099874,downdog
169.22085893554274,175.4915252714676,169.0046896007071,162.4132331853865,downdog
179.45286162288824,176.69089789919204,175.66544442484414,176.21836059300762,downdog
166.08558915931582,173.34157336091064,173.06458729000065,174.2389532032972,downdog
152.4517210568718,161.4940969069029,177.73881150289,175.54924457455132,downdog
179.247498732993,177.1272330864306,179.16390448320388,178.09310687545022,downdog
172.9402276707863,163.54435857691973,179.8892490638918,179.10421969154098,downdog
172.46235173544713,177.2670524104559,174.6218844174572,178.0852866392475,downdog
166.55041023689282,171.9474279133572,174.93088767896987,176.34371401802616,downdog
167.95055080609322,169.82403152039666,172.3478384235468,173.55379260074622,downdog
178.35611858456534,156.33212645044267,179.05838314328972,175.5698320995852,downdog
160.40479807020813,168.13002491520837,143.390754194282,149.69985611083206,downdog
166.08558915931582,173.34157336091064,173.06458729000065,174.2389532032972,downdog
172.46235173544713,177.2670524104559,174.6218844174572,178.0852866392475,downdog
167.95055080609322,169.82403152039666,172.3478384235468,173.55379260074622,downdog
152.4517210568718,161.4940969069029,177.73881150289,175.54924457455132,downdog
172.9402276707863,163.54435857691973,179.8892490638918,179.10421969154098,downdog
166.55041023689282,171.9474279133572,174.93088767896987,176.34371401802616,downdog
178.35611858456534,156.33212645044267,179.05838314328972,175.5698320995852,downdog
160.40479807020813,168.13002491520837,143.390754194282,149.69985611083206,downdog
179.247498732993,177.1272330864306,179.16390448320388,178.09310687545022,downdog
167.46526604171584,168.75179022273898,178.047853276456,179.80868613389273,downdog
163.12380255796828,162.9423137462657,179.68745914866486,178.69655526136506,downdog
158.67471068210128,160.11873492539195,84.0160182754599,88.78196197001748,downdog
172.62939605718321,169.83176259724235,168.16353861585694,167.36962502980631,downdog
154.25894996128108,154.43146880124033,179.7037518058501,177.7893648434079,downdog
135.69170070228932,138.42314475822516,154.9152509725588,157.04051684099534,downdog
165.1811859009626,172.02735529156496,173.55289817558386,176.718203842142,downdog
160.17146212510642,157.01728406729916,174.03363019625266,174.63800158564143,downdog
164.27777275876866,159.67612093598228,178.95365174470496,177.92972509279926,downdog
175.26787552814883,173.0545807977538,61.7702681691958,69.78808703394152,downdog
153.56737844862488,158.14072896950174,173.8388621838542,175.53214027265253,downdog
176.2985802742051,176.38810616997725,175.26429945614814,176.20422382257067,downdog
167.42270473118103,169.84924542171026,174.36463474155414,175.10278068673887,downdog
170.77144201823924,174.49727849004861,179.6866175196454,178.34733067487292,downdog
159.78793873003568,161.19922711985066,169.50676342804738,176.6817874593574,downdog
169.23321882169887,170.35799236401525,178.29343577377006,179.810205361669,downdog
171.40888260371187,169.8086514096391,175.71004208561396,175.4728996443635,downdog
160.17146212510642,157.01728406729916,174.03363019625266,174.63800158564143,downdog
165.89615298584468,171.81735907589956,178.0069703828627,179.80540445105177,downdog
165.1811859009626,172.02735529156496,173.55289817558386,176.718203842142,downdog
176.2985802742051,176.38810616997725,175.26429945614814,176.20422382257067,downdog
166.8687026098484,164.81218568526194,178.67385111738253,178.67851190028242,downdog
164.01490158834798,161.111384906955,179.40424323608028,179.44561889537394,downdog
176.26805944580636,175.72957423167097,176.35969795720132,178.57615285166466,downdog
168.61097368815658,166.27958816939014,176.52278202917987,177.46289432007507,downdog
179.7761070524551,171.98025845539732,174.7484591342604,176.44973465151716,downdog
173.68000629576494,177.0708353878703,173.85426749892923,175.1073078331587,downdog
161.61133482162992,160.21429522318755,179.75772017692634,178.22367848917338,downdog
176.54831759404462,167.43052588703515,174.69822310829832,176.0949157989676,downdog
176.5126558678234,175.27090554499046,163.08418783380253,160.8580459475971,downdog
170.1918721058061,167.5770447488817,179.1973887241462,179.60221666184304,downdog
179.98459054429867,167.78963791579707,166.9901452654558,178.4692085771958,downdog
156.539040698951,158.05899482517012,57.61566812987205,68.98444012697304,downdog
167.90162965548492,155.87678650455527,172.00784231801077,174.12885532953837,downdog
158.78787497781667,160.0748580418349,163.83252829257535,119.38676872976863,downdog
139.54046606685986,154.0321262684582,179.53702475900235,178.7393933146959,downdog
165.72870833923164,169.82368093456589,162.7456787285875,175.88391465286094,downdog
165.42829414623176,168.88253551241718,174.1167634025072,176.48114529269841,downdog
160.53219923593306,164.60096344430696,157.73945577346893,173.71967437203233,downdog
165.22150614700865,161.82511651548174,171.78900654727514,172.49138774875505,downdog
167.89589675227415,169.85479067399783,179.37731738218284,179.30609508789678,downdog
139.54046606685986,154.0321262684582,179.53702475900235,178.7393933146959,downdog
158.78787497781667,160.0748580418349,163.83252829257535,119.38676872976863,downdog
165.72870833923164,169.82368093456589,162.7456787285875,175.88391465286094,downdog
167.90162965548492,155.87678650455527,172.00784231801077,174.12885532953837,downdog
165.42829414623176,168.88253551241718,174.1167634025072,176.48114529269841,downdog
165.22150614700865,161.82511651548174,171.78900654727514,172.49138774875505,downdog
166.98419328560507,170.77586810352537,175.04794472986367,173.93566236658123,downdog
160.53219923593306,164.60096344430696,157.73945577346893,173.71967437203233,downdog
176.99673106255779,162.696827296287,166.80577916495636,167.13708547829205,downdog
178.15048714565935,172.8041361933154,179.4863707487444,177.91944692295263,downdog
179.48163613712538,176.93501872508773,135.5960899224303,134.75767098715113,downdog
146.82230920088276,118.00453262354462,175.09262769831642,176.363912725836,downdog
172.49523879020694,178.6281217622605,177.2521094978168,174.06538945961572,downdog
164.8492637610361,161.18419552217108,176.63819520841307,174.4486927363041,downdog
160.66817539991368,155.565200746515,167.38273422991858,159.71625489536092,downdog
168.5592582410721,179.10771173393258,169.64193297381468,169.10603019293856,downdog
172.80310025146932,175.2155680216922,178.51503775614577,179.65311404988861,downdog
155.83758325003956,171.8646178200946,95.54147827538463,89.33234339335553,downdog
176.04225177326077,172.80518930258415,173.6373661959952,178.66394437875044,downdog
162.39201091422322,169.4917540041658,176.6429361804407,175.72231809260836,downdog
167.46358023839673,170.286865255267,179.28424256867507,178.97355771369254,downdog
171.90448281988472,165.84370583768714,177.12471921068658,179.37647185864108,downdog
164.76966928736803,169.3059942299948,135.81082005895792,135.00227518246172,downdog
167.46358023839673,170.286865255267,179.28424256867507,178.97355771369254,downdog
167.65497665611295,161.27012119932812,141.51864650931395,177.68346925863196,downdog
171.90448281988472,165.84370583768714,177.12471921068658,179.37647185864108,downdog
168.80540427190306,167.9943224699019,179.40132650480894,179.5061920150108,downdog
164.71171541590712,165.4204181041625,176.9361389484661,177.9877206805819,downdog
164.76966928736803,169.3059942299948,135.81082005895792,135.00227518246172,downdog
153.0900389531882,152.62944968593786,169.36444196653292,171.38556038811527,downdog
178.15946900017988,174.3161985835908,81.97635688198659,55.841434130008246,downdog
166.2722939198531,163.5304588956827,166.39843298851784,168.67188663877772,downdog
159.77718738453999,178.73512652270233,174.26614625710715,174.05768412708323,downdog
96.57925612334184,114.63640846372638,175.98697889312317,173.560779743747,downdog
173.01546719342358,166.63535322069612,174.4661135019608,172.61996541154795,downdog
175.0178239191651,168.91928827657188,178.69464356301887,179.25696396344657,downdog
161.9200218307681,168.71847686301555,174.308571912709,176.60867214794573,downdog
171.07515838606443,164.43760462594008,178.6255080575869,176.02685620956078,downdog
160.18525840000578,155.39433522394117,171.11617490875835,173.280447782451,downdog
160.89047204631933,164.11534058970662,173.68879890037283,179.81815031050647,downdog
165.85402300311875,162.86275143526288,177.46761773292616,174.1869515791561,downdog
157.23852652723272,165.31832492661232,152.01934205345205,155.89548220013037,downdog
162.56859535826763,164.01129811489807,178.90636503889027,179.6170726951343,downdog
166.96043316429942,168.06024182773783,179.90010401840055,167.02583249588338,downdog
154.7856609908081,147.51661395528967,142.03956631104597,151.7007089974022,downdog
163.9367425857032,157.44771623897452,176.50268837365954,174.00223526268346,downdog
171.3105902807721,174.07628884679548,177.09530454136026,179.83795808007662,downdog
162.63876217442368,160.89218237571532,179.3434956659006,179.05762339326495,downdog
168.4039979415217,179.13114874903306,176.5745413371268,177.65777071119987,downdog
163.20166703846257,167.32635011573214,173.28378368517434,172.76218205818154,downdog
167.63975140427178,173.3335367080837,178.87660007337865,177.8924916494319,downdog
163.9367425857032,157.44771623897452,176.50268837365954,174.00223526268346,downdog
162.87798718643043,154.04329936940627,167.19559011482616,173.5249410226088,downdog
171.3105902807721,174.07628884679548,177.09530454136026,179.83795808007662,downdog
162.63876217442368,160.89218237571532,179.3434956659006,179.05762339326495,downdog
163.20166703846257,167.32635011573214,173.28378368517434,172.76218205818154,downdog
168.37091791350633,170.08661954288482,176.64264187565107,175.5286713748978,downdog
179.7027323375956,162.60018273219487,174.49089923907496,175.96483370251875,downdog
167.63975140427178,173.3335367080837,178.87660007337865,177.8924916494319,downdog
166.763771269393,165.4025965842359,174.44039166821227,179.96979067027308,downdog
177.26646485568907,170.56246193072235,178.8019178122513,177.13642684661667,downdog
135.04737902839443,160.90071187467024,178.8123173440473,173.8774465908819,downdog
163.82096502263934,164.08367099786003,174.8791902011216,176.10373678254683,downdog
172.41768322934058,171.12912063544601,178.5755033602384,178.74927974476083,downdog
141.3737976777435,154.84395989564229,172.54708666900444,168.71212786728557,downdog
170.37457873772166,161.88589476109155,178.92217800760804,179.24447560741825,downdog
164.5450477233938,40.47076922576912,172.49829739529483,177.24428468957137,downdog
171.23531717434042,177.94393932035396,172.48945070854973,169.00683741581872,downdog
153.49620979958516,157.00362907940203,173.0480985504919,171.01717708506436,downdog
166.07189614415387,172.30248773335097,178.57090912031413,178.14630581090464,downdog
179.90912192398815,179.55482146123657,166.05689044005962,164.25736305075566,downdog
179.20323210606998,168.84950261370184,178.69822026937783,175.9231489846568,downdog
171.26748679051872,179.17253917042035,179.04735057363197,174.5508413487376,downdog
162.46815621381535,159.60454210789436,174.57941592559564,175.16468767866996,downdog
166.8407957201474,168.53303561519115,176.431685139158,176.9906267406423,downdog
171.9755694784413,171.9367314063696,179.62118887634622,178.64102247020952,downdog
159.2298553622814,156.75943531576834,135.31104172032417,169.48318229961163,downdog
173.06943946375267,176.34832831413465,179.54247220052972,177.59162719233433,downdog
164.5094680337102,166.23939357076804,175.78940613858703,175.3778917342556,downdog
178.4988580919074,176.20706993357587,117.13439196107583,175.28146753296016,downdog
178.50177884820906,158.15498301938888,177.49028787563907,176.57611672857456,downdog
178.50177884820906,158.15498301938888,177.49028787563907,176.57611672857456,downdog
167.7683655458306,167.50900598116755,171.3129345041577,171.47035102410814,downdog
141.7186201558724,155.23709790581393,151.84619922181298,152.84989720977623,downdog
157.98229239058463,170.30962647674235,172.62026010207396,171.3229250189279,downdog
159.027638299527,156.19054937890132,176.94665430175837,159.70083235773623,downdog
172.07972390355692,178.35002726581314,165.8707970188146,160.55236035663404,downdog
164.92949439308137,170.14252485040657,178.57984937852308,174.8507566499809,downdog
171.6231370625114,173.15506338348087,179.37017801896513,178.67715214878226,downdog
164.2624851160767,168.38515536764882,174.18633573265498,171.98196271911758,downdog
169.41936557748753,169.55438979120458,175.34980510598075,168.52447269271556,downdog
163.27983866114366,164.41067181101616,176.40885238684666,1.2396094338852572,downdog
174.17994955340887,178.12022674852713,175.49189943804615,175.27123365860595,downdog
170.32086324856937,177.13468921112096,177.2331736669219,177.22461476035306,downdog
161.3362592386758,158.08292962274348,164.90578287787545,166.5894617957938,downdog
164.44722865554405,174.19740646177758,161.97915551269264,162.04458665596042,downdog
160.47061820945083,169.20611238536998,171.79625537678928,176.15972538957485,downdog
169.96808312670768,162.26412350203302,176.35931474941245,176.5895355913644,downdog
161.08710157514545,160.04998731381713,178.68434459500588,179.3279657871763,downdog
164.98174007879499,175.0954821666043,177.34646351096617,177.09839926147546,downdog
164.76046953110364,162.92766299844004,178.65454426303148,178.77172948827524,downdog
161.0540212660373,164.5229835544642,173.54307437643348,175.43159012769198,downdog
166.08625022909638,171.27054512290692,175.6978472900119,178.0940617837607,downdog
166.08625022909638,171.27054512290692,175.6978472900119,178.0940617837607,downdog
23.228746188391465,179.70448780830088,13.793552293043453,24.15367102640241,downdog
158.75010120980073,155.9643732206182,174.4491655021563,174.46273831584833,downdog
175.0284862149309,174.6718173793894,179.58798197681662,179.88458518560896,downdog
157.36833607568286,125.6728170109509,167.63177829387786,178.92280948466382,downdog
166.58573503384832,174.71477386203748,179.735190282908,179.85918013408343,downdog
167.56671377591977,10.179313407620432,172.5096568246693,179.1496503439984,downdog
161.84838670805482,163.6382092165939,178.99104174973937,179.4543127375273,downdog
167.42356454337383,171.94826574154303,179.79758736504635,179.08425227557848,downdog
172.5709384236652,167.75722406103213,175.47155172500248,176.4785322421731,downdog
160.28315529090628,157.127387078234,176.0903215508518,176.21130167733895,downdog
171.26500499967224,169.52184106842333,177.33267201307433,176.75506235027964,downdog
171.03708510945023,142.48983293141248,171.90937566605842,177.88717613236867,downdog
164.3543663428502,158.00057110033111,176.78868433249687,179.89917276924743,downdog
166.66350757184864,163.17535419801308,173.96941386569114,172.53440016188114,downdog
160.66226309715177,164.77824590665247,170.74841448548153,169.29659810290522,downdog
177.07321068755508,177.42315609832204,179.66675617678797,178.6809872220085,downdog
179.54666478802247,174.81704256763945,173.6369283596823,176.0562284042659,downdog
172.62724216951693,171.24717021213343,179.6669414433704,178.36245754932642,downdog
160.2991858590956,160.7489118580088,169.7016090696303,168.83009757715996,downdog
166.48496814774992,168.32978238462982,174.1846601060761,173.79070730263817,downdog
155.79898220579625,160.52555963773816,172.1774081147534,170.54701795733553,downdog
57.43922802858604,55.94863092968498,118.79917598757888,123.38699478551094,goddess
47.71284464551546,4.741680913976076,121.64655422756286,92.74560186009171,goddess
178.04282363276099,139.6233102366556,96.74248133646137,96.21195498227654,goddess
29.433602733479937,37.21746582132945,96.05648509598183,83.34670214622673,goddess
96.0476952167372,91.7544070498982,103.08353294600215,116.63735487130194,goddess
87.16928069528832,35.56265254889785,127.69544536081318,101.31964639960677,goddess
95.22216784003791,94.04307065059444,109.33641008350347,106.56095514317927,goddess
51.294180092398804,57.88069619649711,131.6795703647919,134.32376371712084,goddess
105.67706640322885,107.89606542837383,125.97942772325669,126.09364047489039,goddess
105.85073111147973,96.2717852796719,104.7066363902751,128.81758114732824,goddess
148.87427040133255,156.75874101955174,94.45933120510495,111.50627211597427,goddess
173.250494314937,175.6222511878336,109.78860658544593,96.1791431939241,goddess
93.98123459360387,83.24019461164903,108.02016259070018,107.56829533167077,goddess
165.29328991090784,166.37937550134782,93.39198808002287,86.01779929070169,goddess
156.37572142810092,164.60082538343312,109.27874244940784,119.52860523856504,goddess
165.24399011595352,179.4651254080176,94.26731372043878,100.86592118655082,goddess
141.7348106771029,143.47467072257916,47.38229479692052,42.35286429540787,goddess
107.28408005762802,87.61558019303838,135.85822784379843,149.7644922450301,goddess
173.250494314937,175.6222511878336,109.78860658544593,96.1791431939241,goddess
95.31611177689405,96.35884902028931,103.90760032675563,98.41896824493665,goddess
173.8350465965239,179.24144093964614,105.17153749449665,155.50706817723503,goddess
55.22839998746921,56.33421742484275,128.14747311142716,136.07763800970417,goddess
105.85073111147973,96.2717852796719,104.7066363902751,128.81758114732824,goddess
106.79786947974063,98.07806362310842,124.65545168347418,115.48760885914476,goddess
96.54973331454404,83.56309584295654,114.83364580270083,112.13039039183593,goddess
66.69286572838591,69.32298689180801,127.83900696538046,132.04289867270302,goddess
28.165499885264744,26.15563742085503,121.35691841239048,121.69526646782823,goddess
90.7566564715456,88.57140514122501,123.83374528969622,120.58349159387511,goddess
99.95564789272686,97.94191596300243,151.67389504678152,151.11559957778582,goddess
76.4399856850966,77.45702197552897,129.91560424895508,125.0543580953802,goddess
112.47641079588382,116.4268160278497,73.63133516654585,89.32504531431337,goddess
176.0130388293951,178.55803291100077,114.56856890444482,114.91162157456067,goddess
108.4574465671495,114.39407740905214,72.3397817943087,74.0837275130041,goddess
166.8677935876297,156.58138501291864,36.54103252463037,39.08927998804985,goddess
176.13674969177598,164.7018269537246,6.943122164043995,56.52137090534048,goddess
165.29328991090784,166.37937550134782,93.39198808002287,86.01779929070169,goddess
161.09145663152404,165.03661618652927,112.55539292471948,133.31051363127,goddess
99.97789771945541,99.49890766107713,160.70730440666313,158.04411156355215,goddess
77.52401315071872,76.924791787617,99.70644777648715,101.99355286315257,goddess
94.63602464088748,95.24903329454311,129.81358039587,123.37732292919287,goddess
173.02150989130112,179.89297586127313,97.22196382836168,97.65960699296431,goddess
95.4600396711251,87.29031092046932,85.88336620775084,90.54824746526006,goddess
99.97789771945541,99.49890766107713,160.70730440666313,158.04411156355215,goddess
108.11092479955951,99.29498135608806,113.19349946928546,108.42038255089217,goddess
173.97925346056184,176.17777512660928,97.08253528678858,94.033828762528,goddess
103.56692489160213,104.366005863681,132.3574742979633,135.52858829626973,goddess
24.45656860488823,26.25098487805195,112.10735133600022,116.98439901435508,goddess
178.8257499764028,50.00648467553216,112.0737475316754,177.3937462131662,goddess
70.89591498804491,70.85085579695924,119.22358880483438,118.38352921723737,goddess
78.44060578503957,72.92765520198421,140.94221309645357,141.84574902629342,goddess
178.6115470412084,178.73415565522015,107.14521292282325,118.21949892869097,goddess
108.39198839209917,93.13161125237473,105.25197761239839,104.08100463799977,goddess
179.52065258798376,171.48828290453116,130.04601410734483,134.21210994656738,goddess
88.29131048021387,93.34999493910387,130.8039637085408,127.78572174118683,goddess
108.18571821811366,112.61110736196389,178.4998474803953,143.75144285258267,goddess
116.29594902143666,102.14498039806924,138.54082016048366,138.3515835785963,goddess
159.25104181974262,176.97841439129735,151.6820613254356,173.08203789566562,goddess
86.2474110491082,87.58765640802068,120.29735651750374,112.0164976226732,goddess
143.7398758955379,137.36218579752443,29.55526042575866,35.880160698345335,goddess
98.75244544017573,105.14843256708438,117.29869301711457,114.23999345205458,goddess
12.798460117813393,175.5283543063261,179.84879242827003,169.6504024295273,goddess
116.29594902143666,102.14498039806924,138.54082016048366,138.3515835785963,goddess
86.2474110491082,87.58765640802068,120.29735651750374,112.0164976226732,goddess
48.76763020007814,49.25152573609679,113.62143419196624,119.18711599498404,goddess
175.12976047777653,177.4958902722747,176.0272648997196,178.54267396357196,goddess
61.37525924208095,59.461301235375444,113.42347666807208,111.5356593419524,goddess
119.83359747990525,114.57509846192393,111.17716679203266,105.94252462590028,goddess
12.889496128414798,54.470951175206594,117.37931225744424,169.20902049479983,goddess
127.71784611171375,116.98656280368319,130.26216121358001,132.27889157145552,goddess
100.89321900400124,92.92657492595137,147.4217389206231,145.9353511495615,goddess
78.29545487609306,54.76664033732041,71.61246344682746,69.0071669521509,goddess
73.28369006603332,77.68087067025147,105.03421625995688,105.57112030429053,goddess
55.25587665672854,56.15093644102239,112.30003110484279,118.45424734021137,goddess
107.1076378599941,108.10284764045232,118.69928132756772,121.67268752321583,goddess
45.409499434627556,41.91522276214016,95.1323520931299,96.58950302267769,goddess
157.90278574279876,159.31293375854446,130.18479648174375,118.90384227119718,goddess
82.07949068747479,10.270011480385334,138.32059908300985,93.84392696474735,goddess
152.67501498711215,141.7238618056657,122.6879024298992,59.919280295066386,goddess
81.20280578332539,82.16208207046758,113.30783496352288,105.61540416026182,goddess
140.48420120131829,147.53385056469304,94.3773583022973,84.16482935798055,goddess
92.57767531561537,80.66840802766417,124.73186995567787,128.51368031901282,goddess
93.28958493383557,92.79553791781348,142.95188353797687,143.10959584820486,goddess
159.9045177148991,157.16170001627623,108.5380122249359,114.3729732521612,goddess
62.31111054458634,56.633332399536684,105.31050765107969,109.80740744409529,goddess
45.409499434627556,41.91522276214016,95.1323520931299,96.58950302267769,goddess
152.67501498711215,141.7238618056657,122.6879024298992,59.919280295066386,goddess
82.07949068747479,10.270011480385334,138.32059908300985,93.84392696474735,goddess
81.20280578332539,82.16208207046758,113.30783496352288,105.61540416026182,goddess
140.48420120131829,147.53385056469304,94.3773583022973,84.16482935798055,goddess
173.44520977920797,179.64606611891512,62.33279416563825,50.601753359772296,goddess
92.57767531561537,80.66840802766417,124.73186995567787,128.51368031901282,goddess
159.9045177148991,157.16170001627623,108.5380122249359,114.3729732521612,goddess
62.31111054458634,56.633332399536684,105.31050765107969,109.80740744409529,goddess
175.30151374353898,166.23158463264227,115.4798984183767,120.6613557317226,goddess
73.39509365865848,71.6719384321049,133.54548324708992,126.82060107542611,goddess
89.17813042573329,93.4497544539755,117.38771648946513,112.98749391141827,goddess
132.206845413185,158.65340634607082,107.71017936250439,93.03859954535636,goddess
170.0748620364661,168.70147557364092,177.86166671228767,178.4068801230525,goddess
56.9442203142225,98.27073909214087,120.5409589070207,122.18773090598637,goddess
35.201981574677546,45.652462027870016,92.06029587919829,105.76710699444747,goddess
42.18072050737258,42.68105679601044,118.97497521013241,123.24066636740538,goddess
79.53709198960733,74.9576185028283,123.34414784297127,127.6320077111333,goddess
107.65519189887965,106.80919253102445,107.68763341951268,102.63461090714718,goddess
107.87200393913805,116.74371787708881,109.41664636205566,126.34317860157867,goddess
140.04937885235344,134.4701934708541,98.13612583004493,97.98335167085652,goddess
170.68779077096548,175.8925468990831,172.96657494286293,173.71724329454858,goddess
171.17712418361376,174.95151258338655,117.41512515467221,156.9958994874146,goddess
56.03320063142708,51.19350750646444,132.9223710943804,137.3589109120516,goddess
79.53709198960733,74.9576185028283,123.34414784297127,127.6320077111333,goddess
140.04937885235344,134.4701934708541,98.13612583004493,97.98335167085652,goddess
107.87200393913805,116.74371787708881,109.41664636205566,126.34317860157867,goddess
107.65519189887965,106.80919253102445,107.68763341951268,102.63461090714718,goddess
56.03320063142708,51.19350750646444,132.9223710943804,137.3589109120516,goddess
107.47231676253429,98.04478162352643,121.64425248627981,126.26082938013666,goddess
164.7017725209786,179.6608729442309,117.1644213088897,117.09850677178407,goddess
91.44258870784148,61.086922958621074,132.6923881432573,137.39913168501556,goddess
75.58593703614218,79.54628553227616,134.15455893184512,135.9624017905444,goddess
112.51862402199666,113.85387646420833,139.64683408997516,135.87133060813716,goddess
90.75216774854178,84.24637554351378,128.66022072213093,130.31569899330515,goddess
42.73628955088426,41.439608156610355,111.35138301575742,104.44220468277933,goddess
67.61515046103759,69.52709665841184,125.39027550426539,118.20268409356956,goddess
17.679006450241467,25.18202156051189,103.7417391892593,106.84005009589893,goddess
155.45491257018077,171.90690596494113,78.48643547871961,84.00909662053441,goddess
14.658839935463007,32.97146270074812,106.00187521900642,125.24607336955184,goddess
108.83349456014989,114.76603200540279,102.65232562210042,108.30980383788399,goddess
162.79935616620085,65.73102338134993,88.2355796682503,113.50172423988356,goddess
128.29873216654062,145.0348030990978,155.0585586223202,143.86680885500496,goddess
175.48670138009805,164.05145987049406,7.502541711305248,27.58248116258123,goddess
60.727623678695274,71.09630756628377,120.94006606586393,122.34105781401723,goddess
163.80951974390635,175.52634198438994,26.535087465941153,54.93421150450526,goddess
67.61515046103759,69.52709665841184,125.39027550426539,118.20268409356956,goddess
17.679006450241467,25.18202156051189,103.7417391892593,106.84005009589893,goddess
108.83349456014989,114.76603200540279,102.65232562210042,108.30980383788399,goddess
162.79935616620085,65.73102338134993,88.2355796682503,113.50172423988356,goddess
14.658839935463007,32.97146270074812,106.00187521900642,125.24607336955184,goddess
179.63022571142372,175.64351860079043,78.76204108263344,79.79127776191555,goddess
150.71719151438703,141.01368241943814,35.913195606934096,30.539389218710824,goddess
140.37219603845685,143.45889659880908,129.26714229394702,129.97894553784764,goddess
98.55807596700126,96.31200933470002,131.07078588899245,119.57845220390718,goddess
60.727623678695274,71.09630756628377,120.94006606586393,122.34105781401723,goddess
70.08656188240334,25.01460167105462,141.1960680363546,133.97995437344852,goddess
170.73286220289455,171.20799858083532,177.08698643621574,175.85586642435413,goddess
37.62821705477255,38.72351938938552,83.51840670519908,80.8180205622428,goddess
113.23462258793754,112.90799438889307,101.07381137330782,99.29099406985522,goddess
110.06738214784502,132.66204736501712,143.82128511895226,121.55875133292871,goddess
100.86878720513732,94.28159551814832,117.71836989614488,126.00489554828914,goddess
101.21602753973264,105.36492165937528,87.50871353833969,85.15023216080563,goddess
91.60638399281682,99.95194110678497,136.36611518178688,136.39529013537953,goddess
176.21974905174898,176.7007058805278,114.4665744455724,118.29601142448885,goddess
110.06738214784502,132.66204736501712,143.82128511895226,121.55875133292871,goddess
174.25180626977897,164.22868710939434,145.2953550382929,122.91731820622195,goddess
100.86878720513732,94.28159551814832,117.71836989614488,126.00489554828914,goddess
101.21602753973264,105.36492165937528,87.50871353833969,85.15023216080563,goddess
91.60638399281682,99.95194110678497,136.36611518178688,136.39529013537953,goddess
92.06559682442798,80.98158119419168,103.18385899466625,109.04374435286738,goddess
140.06933329405769,144.12009647862018,14.995954591421045,23.964793308311535,goddess
166.83369000767337,129.87606890762146,82.35297232514091,149.4056111677691,goddess
169.0386169121858,168.00804986668635,169.80959013178668,173.082285070123,goddess
178.25647289638187,171.2615467513093,104.34510332106035,175.40466273496787,goddess
168.42478388358825,71.06731968329163,147.8863473583009,45.88884958936395,goddess
61.020676506567206,70.5871551479264,120.93285904713255,122.06109327141438,goddess
109.86961525307474,101.57043571663925,97.9264232980164,95.50170283530784,goddess
165.15672120012826,173.48100603942967,22.695316521329403,140.8503040716913,goddess
90.85445059026964,89.21925253324716,106.68358174765879,103.93788181956752,goddess
176.21974905174898,176.7007058805278,114.4665744455724,118.29601142448885,goddess
179.6131576597191,172.91749132840948,95.01142850541902,94.74477087368169,goddess
100.78645100250965,109.71833477017977,128.4363219430315,135.17122463809397,goddess
106.96339221610194,116.08904636205658,105.98180634277557,118.58503950350718,goddess
108.08401725782136,99.77486535446585,113.5299572914123,108.708627393392,goddess
179.7848766004094,176.55598362233002,27.070878561639503,30.016678387718486,goddess
37.3830615422019,39.68223557564039,87.5298782539482,86.1865069917353,goddess
90.38074768484486,96.1510887988542,68.73511703154179,70.98158575672326,goddess
174.39233344283602,173.53793014303693,96.23276698118661,89.44465332981832,plank
178.33029764084102,175.2096999824829,176.29825076151138,173.67188075062654,plank
177.02242482026992,169.33240128288895,177.92474467243096,170.3039275365654,plank
179.12099240858802,175.5243920986778,177.30401619553118,174.88621103095363,plank
178.27633568782312,160.71566747752084,131.27106255066067,131.34376613803727,plank
170.85872128160875,167.21806010390787,83.48722875072382,178.82713085575648,plank
175.4729461873916,170.15242421277713,179.91860071760166,29.591068621108995,plank
173.78768801019325,176.03900578360532,178.97304838226626,172.4623924349699,plank
85.12587385658327,92.90716830276858,179.69347405688657,177.137337639004,plank
169.70920961771978,172.76477116612628,176.40926525261614,175.04699087192574,plank
96.3788923862492,78.4167526815556,169.74049753211807,173.6648972367727,plank
175.1656064693733,176.8147060684723,178.75399595483756,175.35344357660844,plank
176.283071522299,175.39868976460778,178.70215653969535,175.47456683568822,plank
176.5786706086004,175.0510666689264,178.03851487894727,178.54310756565667,plank
174.6374392385483,172.05214959996442,173.68703651376393,167.5971386225833,plank
147.85669142012918,176.87812281473023,90.03146893539818,134.31358388637955,plank
178.60844056641977,179.59939581585357,169.31998549799192,166.9387363455943,plank
179.679145658334,173.63703293722315,167.30961611487643,171.22248237502853,plank
178.27901179618428,179.26931853068072,169.34027811684146,175.3787930904571,plank
175.19241470444365,178.98115262143585,175.24307056402873,176.39452742814944,plank
98.19550072063964,98.57582053828966,174.03745511484877,171.4521628417566,plank
159.9187624945544,176.10920992491165,178.34553963332186,136.07494307336106,plank
175.92385286937366,173.5846359506925,149.62432558359862,177.03397624811652,plank
175.52281929888838,85.35341937112193,176.76967100952714,179.31911652061413,plank
171.58247001903823,174.59084960445318,169.41193079173246,172.3162644409983,plank
175.3849604669248,176.91405860580676,171.4228257897479,176.32661199021007,plank
174.87074784090777,173.00903853573345,178.93434063767867,170.88804588094925,plank
178.20394574382829,178.7183364245684,178.65486150572917,179.54340805379212,plank
177.36591470099518,173.0565618532772,176.1655521337273,175.97213339112733,plank
176.76407215700894,170.32794363391127,45.631411026111834,179.23633076409197,plank
174.87074784090777,173.00903853573345,178.93434063767867,170.88804588094925,plank
175.3849604669248,176.91405860580676,171.4228257897479,176.32661199021007,plank
174.15992951099634,177.40058971037632,178.20402999510762,172.17494114151492,plank
85.86410068173608,114.24478129964771,178.3136913099183,178.16873757613945,plank
178.76292166127845,176.2014390512016,177.7191987649067,177.96850938948484,plank
79.99602776448012,77.11566136089954,165.22966038417397,165.9367780923398,plank
174.6276543420765,174.93312435131898,176.56865885192875,173.65745240750246,plank
177.77059393293462,179.90874512431083,172.29132687691703,170.45409347846334,plank
172.80520598362185,177.96360638109314,162.95212483766298,165.15505191482157,plank
172.69785774994446,173.68965343831954,179.47822398724423,172.64012061214024,plank
168.36061654055558,172.86397303595555,173.4237331516554,173.78560014185183,plank
169.11948806737885,173.44484642832782,30.259105890953386,173.66028398641882,plank
179.0712326945587,178.60554225241933,168.4065249641227,174.90457279964772,plank
176.52883066577226,174.55600058237258,177.75384295344955,157.37593465829923,plank
177.15456715741288,176.302634963257,172.93644967649513,172.9253264594413,plank
176.2190124213717,177.30435422163634,179.53578131847465,178.53257456185025,plank
71.26786305656418,172.3433182114,174.28700384055463,179.63482885517908,plank
176.6269774532869,167.17631959432035,176.71650100720188,178.09987809273235,plank
170.95369962097357,167.39922881897803,178.8611019103588,179.02413624323728,plank
174.26850053622636,175.53601644126945,168.64089111921854,168.90583860679132,plank
173.33317384830568,175.63545392496144,177.27200419454488,176.51396664075392,plank
96.45303032180729,92.12757422175517,178.28381716314564,179.91362623929732,plank
171.58247001903823,174.59084960445318,169.41193079173246,172.3162644409983,plank
175.52281929888838,85.35341937112193,176.76967100952714,179.31911652061413,plank
175.4729461873916,170.15242421277713,179.91860071760166,29.591068621108995,plank
177.69757061541904,178.15163874894733,179.74421275453162,179.15341094257548,plank
178.04977442553923,170.4994042473915,176.69473767318794,175.26224432390316,plank
153.30192184253522,176.68690344301024,33.38905670854141,177.64039652974233,plank
165.81440988024897,174.36198700304385,176.62801202917248,179.52712813651172,plank
92.15274988324897,100.45217637977362,173.910347482649,174.98254193132246,plank
177.68144380456982,178.11205749058038,179.70941850899027,179.54844165748906,plank
175.80309439362318,172.30697276449712,177.89117763451029,175.6532504754835,plank
170.95369962097357,167.39922881897803,178.8611019103588,179.02413624323728,plank
176.6269774532869,167.17631959432035,176.71650100720188,178.09987809273235,plank
174.26850053622636,175.53601644126945,168.64089111921854,168.90583860679132,plank
173.33317384830568,175.63545392496144,177.27200419454488,176.51396664075392,plank
96.45303032180729,92.12757422175517,178.28381716314564,179.91362623929732,plank
65.86869303900133,178.5203686695795,162.52032453298926,39.62013382548197,plank
176.24228938339397,175.8836874452624,165.22591726022685,169.62789811020852,plank
77.96587708057918,71.35940068587425,139.10514695770183,146.6064695714468,plank
169.7727416956412,171.97415381307016,175.74341525349604,173.62431842788578,plank
169.54853660214064,146.1842949055566,67.6066684761651,179.78352914732324,plank
174.9830478976766,174.76683943395446,177.97448629822057,173.0087932117196,plank
173.69062857966588,171.28164099931067,175.02916179637083,177.275860370774,plank
165.703193491044,171.86765102735833,179.34478202772303,177.42792693274578,plank
176.51039572751964,176.27109348653525,179.25714277447852,173.776235768684,plank
176.2156869122386,176.20233022734496,176.1546466593097,179.77077834798385,plank
177.18965633402118,172.04754989649842,78.94559505512227,177.16576335660577,plank
179.7852919381923,175.0310627538257,179.96822129772653,178.75658104644808,plank
178.3712967921798,176.26556408883718,111.29700596161551,114.27375555919883,plank
176.1050405996022,178.99209953294883,158.1299666026131,175.40350793405997,plank
177.85539682272653,176.385794533388,174.625203622127,175.44120263866301,plank
173.9491155563374,177.8071533638165,177.55066254322094,174.8751387992126,plank
164.13343866139923,167.02283166065425,173.66094390638855,177.3638357688544,plank
163.09600876973943,169.0901080406629,179.5302533790457,178.48615044064138,plank
97.64186275447557,83.85877257045522,149.8121321644191,156.2167978109104,plank
167.1527152205448,167.41480014038098,172.18011600822683,175.84651064208052,plank
171.59995027943498,173.80361801638242,176.14083858203622,178.0889064489186,plank
169.40556454581014,165.37838029106254,171.65702762511555,173.41270512350692,plank
177.10038551866623,179.65150203411636,168.59305674116158,172.34626618235836,plank
176.7281347880461,176.5607571994507,169.91531394249066,173.56278143662496,plank
90.78146401355994,95.44431469701229,164.3204570833824,161.07582664059606,plank
170.66771901392028,168.51792446326766,19.824613090006757,175.97971650509663,plank
175.30207881951205,177.18857515985331,178.73188185691689,179.13445429324585,plank
173.01997204494623,176.20326383316868,179.1979976744952,178.10368653602296,plank
133.83917366379524,164.20447849736834,176.87822616577972,177.12250751521827,plank
1.9607509263641647,6.524408663970879,177.05500510852715,177.36981246992377,plank
177.68144380456982,178.11205749058038,179.70941850899027,179.54844165748906,plank
176.8044780677867,177.39448704195604,178.7329772126508,174.4608612404315,plank
1.9607509263641647,6.524408663970879,177.05500510852715,177.36981246992377,plank
133.83917366379524,164.20447849736834,176.87822616577972,177.12250751521827,plank
178.13326647555303,178.3503115692863,169.44855696808094,165.39244626898926,plank
171.5385169458477,173.15921127621377,171.84988111508707,171.03831940044,plank
176.9622979218059,160.6809806587487,176.8554736694272,160.75230912947993,plank
173.35998798693967,171.41928506792482,179.22836097058035,176.91165765503516,plank
179.82118033686433,171.3303678429941,173.24291571514138,169.88956049939011,plank
171.37842725489452,173.02169721374057,168.8162955987956,179.8256006637464,plank
174.283827714463,179.94013349772086,175.50029371433777,177.4473918274073,plank
176.60610539460964,174.05669768290198,177.57838494587142,172.4929266489944,plank
83.95967359652775,61.090112429229016,163.74968702628425,168.9831156668677,plank
178.64096429314702,175.978454018368,171.6953573656869,171.08160700933047,plank
170.47608615727523,167.7855850003869,158.9911688103154,165.32875850637674,plank
176.72000063384073,171.49501307362593,179.97353048018257,27.823099273843916,plank
179.2980529690277,167.56935570374563,179.3131000548134,177.1897694381509,plank
157.434309781574,163.5391554189775,15.117945906328828,24.571533501154036,plank
179.8905405932757,173.1868176465304,177.08532151123538,174.71436852369044,plank
176.038246195255,176.26814866640868,179.69137342902874,179.8252958907423,plank
174.1668500146877,173.03376864064387,179.14497542384387,176.84475035838406,plank
172.72202916961734,177.43278920869025,179.05900112514732,170.97671482796878,plank
138.5230037065389,173.479419741223,158.84912060293482,167.48073443475948,plank
168.7183922895386,173.7770562454473,163.64387634267985,176.7357053056678,plank
179.2480051093649,173.4015084708703,2.4408056293541693,160.29520134966234,plank
168.30247055950574,169.39974462179853,171.635243931648,169.35568138082974,plank
169.33754327128295,174.99425555081888,178.72677274501297,155.63861500251105,plank
171.4244795376128,171.91535547463275,179.80591458166379,178.51740907613606,plank
155.0405218378687,156.04650859947841,36.23041308980093,34.87934283600066,plank
169.49165569842802,172.1390538395799,178.4046118574432,175.34209027828297,plank
175.96128808707797,177.63618373950385,171.1537109009675,171.6243544175588,plank
82.35301548045011,75.68504599636049,173.30629850120863,174.24774765365134,plank
78.7621162074124,71.07159663047341,168.61281059382088,173.18867840726415,plank
179.88277588185596,174.64896865816092,178.5306591878222,175.15258780671937,plank
174.32259914868848,171.45513018650632,168.94524268673845,167.0279849820071,plank
177.62922579846312,171.82656303482855,166.22173851091105,176.19859118051426,plank
174.57809633179906,174.46919324468493,173.68691833085512,170.7013137838069,plank
168.96096449661187,173.5794421751102,179.14345317106077,179.40390410805367,plank
177.63656683885546,178.89931638234862,176.41160672195724,171.91706301862774,plank
178.33962720550994,179.4667887854851,167.98242087278322,171.7582164860247,plank
178.9778199810533,179.75040490328004,173.8519749006033,176.37276661956997,plank
177.45047388621697,178.3850240742264,178.39538524488148,179.4264763067075,plank
176.28977915014792,175.85506128299428,164.8247308409539,168.49615898730363,plank
122.79168475588234,114.43025325372767,178.95769176326556,175.83058864452903,plank
87.12670886671133,78.27972379170647,169.13211441619353,170.35019696147558,plank
177.49505817309378,168.9212478187126,175.70980759223008,169.93899129504973,plank
174.6276543420765,174.93312435131898,176.56865885192875,173.65745240750246,plank
171.12669724116816,174.97980686284336,173.51427472930396,147.9263022686654,plank
177.54964387677967,178.7402793149738,178.05389854702594,177.11373886126069,plank
176.97260318787957,177.13977998481687,179.38313893338713,174.61620393676114,plank
179.05271235877072,174.256251531713,168.51259765621853,172.65181076665797,plank
179.06095258018243,175.8503259186999,177.83613083281742,173.67814618779474,plank
124.728301789035,178.9192572502191,159.42026871933803,159.47094477915672,plank
178.33962720550994,179.4667887854851,167.98242087278322,171.7582164860247,plank
170.85872128160875,167.21806010390787,83.48722875072382,178.82713085575648,plank
178.76292166127845,176.2014390512016,177.7191987649067,177.96850938948484,plank
178.13326647555303,178.3503115692863,169.44855696808094,165.39244626898926,plank
169.7727416956412,171.97415381307016,175.74341525349604,173.62431842788578,plank
174.10181603878894,175.21741896420113,177.0406986487872,177.22413146825122,plank
177.92845707068787,175.90224488013612,175.26393131411044,170.81867832213337,plank
171.7295856199823,170.91119445904366,132.50452381482717,88.81025239485474,plank
178.22433816678878,176.75349672578596,175.30877924511472,177.574862621439,plank
150.20669184646604,127.92007376678924,178.3687518143042,177.10497557961682,plank
177.36591470099518,173.0565618532772,176.1655521337273,175.97213339112733,plank
173.42918657315863,172.9622034650818,171.76421722231106,176.25278465603176,plank
175.01182940301337,172.0471676972365,177.18543043300556,178.1315423266146,plank
171.59135466476903,172.9879555012022,176.78095505208708,178.963854099834,plank
176.63231067114566,177.5902049998342,174.45865176050725,173.25887633148977,plank
1.9607509263641647,6.524408663970879,177.05500510852715,177.36981246992377,plank
165.10129979177256,157.03789311395704,179.05780678694893,28.732611524288767,plank
173.69062857966588,171.28164099931067,175.02916179637083,177.275860370774,plank
172.84017029427443,173.98207645850803,169.70036639339136,167.61615847233602,plank
57.28212156605894,87.42022586063263,178.14896256955515,175.29187572010048,plank
179.46428277983654,179.8465637349193,170.22096054893487,174.4448112618874,plank
175.4678201427805,178.2169300649833,177.0159497523128,172.61916264800067,plank
13.665533596418921,175.21335783379016,167.98097553616213,176.07310046784883,plank
173.4409465342252,172.3543601022564,170.03332335430648,35.90264622874098,plank
88.97762736299444,99.83843832508416,109.67286184295256,107.95300994547198,plank
175.03924497729125,173.72715541104677,178.40282910273254,172.1831584953884,plank
175.3931211017615,173.58411545756417,172.52355260755033,175.33237429984166,plank
94.81711094812358,71.8805330129505,164.00301159258953,166.4598588419203,plank
179.15415701936456,175.58511418693777,174.37265247881894,173.64888535046956,plank
174.9934240443256,176.755551718654,178.60411675130842,176.2568860218252,plank
176.35248536696145,161.0000882461532,179.88612011030344,177.60288788632863,plank
175.32196691016614,173.03687321533104,178.77526507562044,172.88936625435366,plank
177.4942928693698,174.3325226258012,161.87558845509048,177.82446346967373,plank
166.8045144019193,179.5563051727787,172.59422382111967,179.60484684005652,plank
173.48115418655777,175.15820351423793,174.4817994255809,175.35416913303152,plank
159.74078904009363,173.19973864830305,169.76165395299054,176.1451426725938,plank
173.4469299073818,176.2774762020237,173.0300379552868,174.0832016107165,plank
177.0001403435053,179.27250557491104,168.20449306867997,167.79590052147952,plank
177.84026089007946,174.8214834073694,169.91273918333164,169.7997786722887,plank
127.13941293241339,132.96168450619984,43.79142626167019,87.43383270130568,plank
80.33970498268317,95.91660424341688,137.0934514609355,134.6969439717467,plank
167.13289072307035,170.24170716286267,179.4713792210003,172.7331126914386,plank
174.10181603878894,175.21741896420113,177.0406986487872,177.22413146825122,plank
92.17411506618748,102.97611687276282,172.96969922470828,174.8435682743194,plank
173.6627152340387,177.15820256912008,174.4128283133056,177.39139422218648,plank
178.29732110815613,174.27737226744756,177.11737246989077,169.84936368506214,plank
172.84017029427443,173.98207645850803,169.70036639339136,167.61615847233602,plank
176.97260318787957,177.13977998481687,179.38313893338713,174.61620393676114,plank
60.14059679279225,149.34381406077586,156.62488453026197,9.984140247350693,plank
173.02344194343183,174.08663192815638,167.02069399488383,176.34640591025357,plank
172.115307977561,172.90641340076508,178.48010303402762,177.87173842935337,plank
172.11792050736324,173.37148311543763,54.91958767051899,176.07692590166306,plank
177.74058431490135,178.13223755094913,171.11769825745213,174.814191216479,plank
7.091551165771037,179.0634892166837,112.76732050943076,171.8532482196371,plank
177.57466050977817,178.3224919137081,175.92090557862787,179.2122683683358,plank
175.89862515696746,172.72788221716542,179.4922952570852,175.86342872940975,plank
164.66501674299184,167.73602033407124,178.18047499499988,173.38816536309523,plank
163.25166183485058,162.37842130971575,165.10864009561806,171.03145406962105,plank
176.97260318787957,177.13977998481687,179.38313893338713,174.61620393676114,plank
172.47900546714055,171.5690607489287,58.69003965376128,53.96671764615889,plank
177.74058431490135,178.13223755094913,171.11769825745213,174.814191216479,plank
172.11792050736324,173.37148311543763,54.91958767051899,176.07692590166306,plank
173.02344194343183,174.08663192815638,167.02069399488383,176.34640591025357,plank
172.115307977561,172.90641340076508,178.48010303402762,177.87173842935337,plank
169.19945907307837,169.85641470801957,177.11965334825277,178.83872075086276,plank
175.89862515696746,172.72788221716542,179.4922952570852,175.86342872940975,plank
7.091551165771037,179.0634892166837,112.76732050943076,171.8532482196371,plank
177.57466050977817,178.3224919137081,175.92090557862787,179.2122683683358,plank
60.14059679279225,149.34381406077586,156.62488453026197,9.984140247350693,plank
176.14607074114875,175.18120971109397,164.31825303390985,168.24094632874787,plank
164.66501674299184,167.73602033407124,178.18047499499988,173.38816536309523,plank
169.99112985921542,176.16817077331416,176.75717442635587,175.10373361231174,plank
176.63735308873765,177.42560951565352,178.6801742250569,173.1296434896082,plank
173.06602470621021,175.09442187689325,99.81210511641646,177.33024666772957,plank
173.94804858986777,179.5226862997194,169.4144742219019,166.97694677343722,plank
174.69573258954384,165.95178561630865,173.32354282421554,174.4512744358533,plank
172.2165845740635,172.7786896872659,90.2952096395216,82.75214240489036,plank
176.44925770394173,177.14800585425098,177.1403635902575,179.25198773840287,plank
152.23589434600424,79.09628779448086,158.2096180604095,155.9799137998034,plank
179.0104113100081,167.1887186825593,171.10524248940385,173.2934910573096,plank
168.57923917245972,168.5597854372018,175.39485984462345,177.14229082765183,plank
163.97924567089274,159.65855642449685,178.87813476922454,176.74986918764685,plank
174.77657306236247,174.4089887063818,179.90027279555233,179.43624448185898,plank
168.501411229856,169.4910319189046,48.14330058040059,38.49327535620014,plank
172.95539275493428,168.03152802757864,107.35176006484906,179.6080222123571,plank
172.6756569862736,174.65921698212122,166.21502905067635,179.52340892289175,plank
177.4152831653071,179.2379199649116,175.84618112829398,178.51908097024264,plank
175.17837518694463,169.94082824486242,160.3604359028909,88.20099416138902,plank
175.68869618406197,173.7331763930128,177.8986580947315,174.49854697169403,plank
152.96638133127703,165.85480135474515,170.896012032321,169.3493453789057,plank
177.81294447247018,167.70430911142785,176.67363594995092,177.6690569334303,plank
152.96638133127703,165.85480135474515,170.896012032321,169.3493453789057,plank
175.68869618406197,173.7331763930128,177.8986580947315,174.49854697169403,plank
178.72965745997345,172.58565513644717,176.1589785662411,179.4865821339486,plank
90.66792970167829,86.42114104466404,168.56437444539287,172.64503804815106,plank
133.27608076061,146.6509742520875,159.33521174733812,162.3119867387985,plank
171.16635034088267,179.32508603693168,179.59412321520446,176.55020265912452,plank
176.54461853993178,178.49437377342358,172.63450568400043,172.91251498902525,plank
166.2844287014934,166.94714941962488,175.27011792509845,173.02672287721373,plank
97.38396523935667,91.68431702136292,167.93242565152582,177.34237126415076,plank
81.44363501898735,155.34871822858906,177.80754594631316,169.66150857491346,plank
157.44844569722798,165.10462483918408,177.91461261723506,167.5582071730674,plank
179.38536996136207,172.10895162862062,36.94987364829101,179.72671254418907,plank
169.25499345140443,165.55302255171196,175.13525846591074,172.6109023728396,plank
178.6796306231942,177.71054064667575,173.57118999852992,179.41351706562872,plank
168.53523061488667,172.7388283108627,169.3341157241928,173.62768124431634,plank
112.61678458614297,95.94582832938751,179.94614765767113,177.97375043807298,plank
175.7771675927167,175.80951322983015,178.20585540620036,178.53767810003268,plank
179.38580165849615,176.9945533945035,168.24011058141724,169.63742655892548,plank
168.78474603570476,173.27089505741995,175.87004896572392,173.42421352951365,plank
38.02660173922613,132.82037938869942,176.61090742127627,168.22853657588297,plank
170.06147599130148,160.29536032089317,173.51040294000308,179.19284280378767,plank
76.6362399845579,171.20719406938008,171.51767236152,179.60365889001295,plank
162.15544949496376,166.77964388298156,175.581564203023,31.379594719417014,tree
37.291566697146294,47.18782406724796,172.3061957567357,24.258256616556192,tree
173.9698941422633,175.50657432545339,174.37316102504946,175.22705510205154,tree
162.45582703525642,160.44018695358793,178.92493247306027,38.02129476402971,tree
145.33324585737935,143.099256996344,171.29431384343954,24.4538795555697,tree
140.5041239457683,151.07360129413098,177.8054615341822,46.0450373826839,tree
86.47788813056928,84.80174911791165,179.46923627408168,20.612630134374204,tree
129.05232999686902,125.69421507233565,171.72170601119905,27.786591779361505,tree
170.0148592171947,163.72746696905628,179.1325217074512,32.836390354586804,tree
19.824057909103797,60.84619064826908,174.34469451423786,28.34397866202596,tree
175.99054223733648,173.2207445097428,26.53005618460267,174.55164118551164,tree
139.90030189742046,157.42728613320787,22.304689558751193,174.64375422868807,tree
55.74653757417287,41.1991643934491,179.8380040599217,27.325084555041933,tree
54.06684175307698,47.65283540402345,177.31635692582918,27.386160314840197,tree
163.00417055547126,166.5834535536934,43.36507639063092,178.0434940245503,tree
174.10321114051683,174.03157247740575,178.5671634065551,39.30838182723384,tree
51.78623742877171,54.91463610815059,38.06290544860008,179.31704259207885,tree
142.32274943102894,142.1169542496831,34.31092437815369,177.7682703862994,tree
40.23021909131682,42.11246964565233,179.3708254764835,31.80384388769,tree
90.08124167043633,93.09783077814285,31.931934731810998,165.33488208006216,tree
37.34451013898764,45.33477065003853,178.47799501969942,104.68493179658438,tree
139.4890273956846,138.74348731558038,20.31664187604026,179.67468096478214,tree
100.15405789739066,105.64101883156592,3.1209261066212455,32.91205494610764,tree
170.42089150636272,173.65446597499837,179.51147625018282,31.117024705743518,tree
129.05232999686902,125.69421507233565,171.72170601119905,27.786591779361505,tree
165.07631430333066,176.7275725188911,28.04442303065166,177.3512155687074,tree
19.775967183463145,62.15103685519201,176.32304486620626,29.667033366245875,tree
42.90784394617567,44.21385794906792,179.293395490546,28.618254219735547,tree
146.1585981630214,155.41076915582767,23.238809953471616,175.17474896674622,tree
65.28833807981948,58.985319755162706,95.36931712355079,167.6756793814554,tree
173.48842651944838,166.25040644002672,169.93365734118981,129.96386506438958,tree
44.57776099610522,39.49199771470662,179.13418652226653,22.69365406977224,tree
163.28774361345833,164.74833501276547,21.201683815134913,174.88737816270194,tree
33.00232965138959,40.16955030678625,179.60451778378007,19.87106546950747,tree
168.53068892701987,174.12049870240148,28.251964884081588,179.95178381112177,tree
70.80798062198664,70.03164450471982,176.9203926497486,43.96784444930191,tree
172.6693188344227,175.81745978334945,158.43049371333845,59.936153746173375,tree
79.52640280284822,86.00300783711371,177.54219261229116,32.30859372870805,tree
34.31998718118542,32.34542651823212,175.70405131088734,57.01969838605743,tree
93.76900117488236,98.18014101321312,58.30317770620587,175.88193709469698,tree
141.27457415825367,153.97312233760863,178.28087742889457,45.39763317945966,tree
109.2719241206801,159.68761383239166,21.612040893505586,179.88297260444605,tree
38.92763513689006,44.24004563143243,176.31713666154215,43.88847303313756,tree
40.13434909751241,45.98779758296051,175.80758199342503,54.93748826684519,tree
176.04554352867507,171.36602534475517,179.0225522814152,26.528417650766936,tree
79.52640280284822,86.00300783711371,177.54219261229116,32.30859372870805,tree
139.4890273956846,138.74348731558038,20.31664187604026,179.67468096478214,tree
165.07631430333066,176.7275725188911,28.04442303065166,177.3512155687074,tree
38.92763513689006,44.24004563143243,176.31713666154215,43.88847303313756,tree
176.5344284988112,177.84956961393095,24.0235205092991,177.85870093437097,tree
174.0611668061149,163.52920214656086,179.51941878703707,16.95194568850099,tree
109.2719241206801,159.68761383239166,21.612040893505586,179.88297260444605,tree
170.42089150636272,173.65446597499837,179.51147625018282,31.117024705743518,tree
168.60209043847317,159.1807867561532,176.79154043352415,22.617874175559546,tree
146.1585981630214,155.41076915582767,23.238809953471616,175.17474896674622,tree
65.28833807981948,58.985319755162706,95.36931712355079,167.6756793814554,tree
139.88194397603053,144.52729902626308,173.6111248325476,45.720031323880214,tree
42.90784394617567,44.21385794906792,179.293395490546,28.618254219735547,tree
173.48842651944838,166.25040644002672,169.93365734118981,129.96386506438958,tree
44.57776099610522,39.49199771470662,179.13418652226653,22.69365406977224,tree
163.28774361345833,164.74833501276547,21.201683815134913,174.88737816270194,tree
37.34451013898764,45.33477065003853,178.47799501969942,104.68493179658438,tree
168.53068892701987,174.12049870240148,28.251964884081588,179.95178381112177,tree
70.80798062198664,70.03164450471982,176.9203926497486,43.96784444930191,tree
172.6693188344227,175.81745978334945,158.43049371333845,59.936153746173375,tree
127.91125589907536,137.31849225413737,81.61333272249266,158.5752678166387,tree
165.97299659403643,161.12513908198713,175.90888898755844,171.4749762492838,tree
122.70336548902708,128.77453075858384,179.96559622251223,20.543091341717528,tree
22.08580626745248,22.64226392339201,177.2892528338185,34.70652688133235,tree
174.0974466443678,169.553985200058,178.91322904942533,41.11248779510048,tree
157.80306679413465,153.64007573733767,177.93317400420594,34.242377191293514,tree
170.8503563380903,161.76261267939054,21.464296797536463,173.23231717811228,tree
44.375353265410936,45.672915209509654,169.52879670668347,20.76390012326144,tree
165.6816377381528,173.16902551802977,151.8692476871802,84.95895688607956,tree
174.98255397472192,174.62414068996586,28.43889118747279,179.27659018489715,tree
145.3322799062897,178.237634552718,82.6856449388074,163.34666831528972,tree
165.4621703475907,162.690967917997,179.78807583748969,39.86865681248577,tree
164.78036991009037,161.8119602848412,25.862173703500233,177.99542082367984,tree
164.37275481998293,169.59904764798205,175.31542092509986,19.72632068503607,tree
38.46624265515076,36.109495288958755,165.78130472717862,50.08672548193973,tree
178.33746302087835,169.35782874404103,178.44313913586237,18.251735433308365,tree
119.48883994593712,118.01836451531692,177.79117818848002,53.20099302168919,tree
170.0148592171947,163.72746696905628,179.1325217074512,32.836390354586804,tree
176.560153227097,175.9078911510089,178.93570438751786,178.79039096220495,tree
167.06947992867867,169.1136035029194,28.14847512147449,178.0651211269174,tree
28.499679247555267,36.28637179005866,177.97311442830838,40.97256632350506,tree
59.51283908471896,82.44226184778586,175.95697926599374,28.623698771776787,tree
145.3322799062897,178.237634552718,82.6856449388074,163.34666831528972,tree
139.88194397603053,144.52729902626308,173.6111248325476,45.720031323880214,tree
176.560153227097,175.9078911510089,178.93570438751786,178.79039096220495,tree
170.0148592171947,163.72746696905628,179.1325217074512,32.836390354586804,tree
164.78036991009037,161.8119602848412,25.862173703500233,177.99542082367984,tree
38.46624265515076,36.109495288958755,165.78130472717862,50.08672548193973,tree
133.11385593265084,123.9959590499847,178.85982055999986,20.56678994320871,tree
178.33746302087835,169.35782874404103,178.44313913586237,18.251735433308365,tree
164.37275481998293,169.59904764798205,175.31542092509986,19.72632068503607,tree
119.48883994593712,118.01836451531692,177.79117818848002,53.20099302168919,tree
42.03119031242293,32.62817475483515,178.99362240629117,85.33478737935391,tree
165.4621703475907,162.690967917997,179.78807583748969,39.86865681248577,tree
160.6044139410678,179.21461074782118,179.15950173703953,29.690124618455453,tree
168.60209043847317,159.1807867561532,176.79154043352415,22.617874175559546,tree
124.95545502918318,127.49321342210216,178.5049165374446,32.15220224859699,tree
27.567082165168408,20.55283565266653,175.771722632258,142.25375204809828,tree
172.13043425359604,172.98464552558366,179.83050162033896,178.79293697267843,tree
153.25293528308876,153.82246944277648,55.28961931748782,82.13869722645808,tree
137.2435167472528,123.91790391419727,173.17923554716234,11.148966416103237,tree
51.9712713657848,40.82175737961507,174.25763060769142,21.74312365191217,tree
134.93476383938602,146.97473077641973,169.92050666434164,32.78264113248434,tree
40.74538419377007,34.75176044841524,20.259731851830168,165.32337914440924,tree
45.6845888943526,48.865982584499406,165.25530543839417,17.669402738394,tree
169.4668812771949,173.77652385965447,166.37918181543904,27.359313029049865,tree
51.59632969856287,50.20949371534188,178.1284884411764,64.25477140546006,tree
163.34365264058587,131.72724472694495,176.10644771383627,23.43302711812771,tree
173.36569387245348,163.31402834372992,179.30629790931297,17.381581857615178,tree
167.6342301839206,176.71584444242595,22.586804542624336,176.6726167587848,tree
172.24166919602249,174.33732644177545,16.93537101853832,174.41006989288343,tree
148.82208341336414,179.58191498562536,66.48004657689978,140.81148171303525,tree
48.822045318837695,42.785286548856774,174.23295692989797,21.75665203555143,tree
164.71731346044967,175.70097040748908,178.40671376399382,173.06856863586688,tree
174.20393819249927,173.48452564996694,178.9223846761782,56.95923225762124,tree
156.6040865892074,63.90057735187568,47.347311483333726,178.32593852685974,tree
173.044797901042,172.89427614059252,70.07522604852062,148.77785574658978,tree
35.15889143004994,11.58135125525699,176.193777857515,17.995989372589694,tree
42.70198830576973,42.87251060834927,174.18074107762413,100.3119757927514,tree
178.31684946145728,174.8184977390384,176.69269503267807,8.607660835247824,tree
170.90803495501038,168.33058484823894,177.6195307504788,18.350672131906034,tree
115.95455392801787,128.44753799398228,178.41698356667962,20.494781898597864,tree
59.51283908471896,82.44226184778586,175.95697926599374,28.623698771776787,tree
114.71082242174222,132.94810085908009,47.36162543603746,171.85161559159084,tree
54.05386809062117,49.4495033003697,28.555278412508002,173.82392337994142,tree
24.151074796862783,27.818728447849594,38.194159852855485,177.42019356376986,tree
177.21606274094628,171.43737872429824,177.8773062263427,34.18570946148931,tree
109.09142445307421,112.45556217133961,179.29310959386927,41.835493951472316,tree
38.01038983676775,42.54104842925448,37.02185039515959,179.54606342794239,tree
129.3687247154442,123.77317211257898,20.062801678509746,174.7428874795625,tree
167.30413695865363,169.78302383041776,156.0589604854883,21.153012438121728,tree
172.33864151620637,169.50726714801007,116.57535216269898,177.70585006935445,tree
146.7701728704019,157.42934264976319,173.42829491409188,25.13682184062774,tree
161.11094743306273,166.18775819291736,16.546986729032295,176.6631914418837,tree
30.058362944734583,28.6342917474356,175.99807223081507,24.097074620070476,tree
41.12275095875574,37.27820103187991,178.30675823792475,25.87776091492764,tree
97.74641218824365,95.28254790642681,175.9473851560377,38.56524530362674,tree
160.55818511341195,160.35806844471915,179.68779565613767,42.79774904871629,tree
156.16313515859693,159.9442899097938,29.53619922238482,174.49814908135846,tree
46.62471742811825,51.86990550267097,172.98048477860473,38.65362601265462,tree
16.905109441822812,20.558384722374658,177.77906404604394,62.30513633675575,tree
49.82966148977853,44.60538511301016,178.02613058920105,25.768049320057983,tree
156.81660731543965,158.0021172326679,16.688991369543594,168.95515861071047,tree
45.51244385713795,43.25965610614425,26.731524472692172,176.03041646460713,tree
148.59305485642494,150.24584693540055,178.42479336423915,88.08350542309242,tree
162.78478799232374,171.47316206023518,179.51656632194656,13.298938011803026,tree
132.4600842737125,139.1999908717647,176.36890521867153,28.901144196509797,tree
140.48267025138276,133.8267422414821,14.473011406106746,174.41754671801831,tree
160.99967159185402,168.1006915227808,21.72959556575414,178.1939081853651,tree
51.01152837958647,59.327392093777796,36.340282246707204,178.71131608886088,tree
133.11385593265084,123.9959590499847,178.85982055999986,20.56678994320871,tree
112.01133617655404,111.39667997883713,22.303600976233383,171.6074949221435,tree
29.832077383964677,30.3951078852235,179.17005980139243,29.33573787216341,tree
55.60149973747089,51.73641059265332,47.50509504015256,173.9047648117372,tree
171.46384819006502,174.986350187174,136.06381091571686,178.9687361391204,warrior2
165.5673365466792,168.69829507711887,173.90386472052853,116.45861557984828,warrior2
173.01727520278408,175.313236771745,178.03020176071573,105.7200175784063,warrior2
174.37448036171924,167.00973813468056,175.08328867478585,106.86215349466794,warrior2
174.70498877608551,176.8203766792066,178.43581020624626,104.48727121862476,warrior2
172.82264558914042,173.946820467395,95.83345128299312,177.69893579259067,warrior2
178.36039038622675,175.7081980412592,131.8970223994269,173.7760251120129,warrior2
155.72532818740532,172.68284981113197,174.4346868315851,112.51624228531482,warrior2
166.11522119479994,174.76330766174212,168.75034974367776,97.82727390294593,warrior2
178.94758206849454,179.06448188619024,178.6570143184556,100.63413231328843,warrior2
158.13718445572883,161.48638165587593,99.98203995125652,172.37985827916174,warrior2
175.88726572149716,31.28680704707148,112.55422281026765,179.56798264668637,warrior2
166.36250795450547,163.2387658344714,172.59816906797397,117.58313312167931,warrior2
160.38303113474294,157.12822325541126,178.01980276114392,110.00466625112051,warrior2
171.0741732482031,171.87780903847604,176.5478043388094,100.8073799016302,warrior2
165.37233447602298,173.44758595029458,173.82599306287173,100.96805620286123,warrior2
160.19011585016997,157.27105294019455,176.94035710746752,96.86932987736549,warrior2
179.0919903913329,173.02693864715982,133.207630491702,173.90825319655642,warrior2
179.90247730063294,174.2456098942268,100.82606567930424,176.00572603891843,warrior2
174.59882552760138,177.45031783208796,178.70235927559224,122.54275275740991,warrior2
175.47883505812706,171.85370192779996,177.04463548553576,98.95312551829005,warrior2
177.90515697709736,175.86051922474078,118.4424652792448,179.21285334922763,warrior2
171.89422626963884,172.81736340827237,173.98235368483085,127.68747194766534,warrior2
176.22891853323145,172.62996032010787,175.68160960634228,93.3755742335466,warrior2
171.04649168020487,162.37810729792693,175.57485529540898,102.3946081718038,warrior2
179.07121482167688,176.61628297929002,112.53570882277,177.47458823420595,warrior2
174.99513231536505,173.7061507206162,161.23997089678923,86.93855354473551,warrior2
174.72092841923583,167.04956321388016,98.00629395620848,169.49719978687978,warrior2
176.28699713500987,178.06535006338666,99.17574425402313,173.85482300581262,warrior2
167.2824554692404,171.70783311725324,176.52298840656593,105.76668587295165,warrior2
178.36039038622675,175.7081980412592,131.8970223994269,173.7760251120129,warrior2
172.64444026928072,168.79209372308853,163.6086187428962,145.77199185061954,warrior2
179.07121482167688,176.61628297929002,112.53570882277,177.47458823420595,warrior2
167.2824554692404,171.70783311725324,176.52298840656593,105.76668587295165,warrior2
70.0095496670761,69.8333732033155,178.9838627259599,113.65008828529524,warrior2
178.8242866478398,178.60702543951152,111.5255229218493,174.78216558439362,warrior2
176.28699713500987,178.06535006338666,99.17574425402313,173.85482300581262,warrior2
174.99513231536505,173.7061507206162,161.23997089678923,86.93855354473551,warrior2
174.72092841923583,167.04956321388016,98.00629395620848,169.49719978687978,warrior2
177.06333429264376,174.83735877092812,124.18717647333165,175.86805826880214,warrior2
117.16019965104175,176.93684467058722,143.07164467224683,121.81370018836114,warrior2
167.51633564560882,177.71643085189376,176.30702256483585,99.65191415714762,warrior2
169.9055470477011,172.73451873854466,101.9942282323318,177.9680462435759,warrior2
172.36468826570723,174.94021819317368,172.65991628977955,91.08401089205488,warrior2
171.9490429600605,171.54745553568947,109.28732599290815,175.5551995119495,warrior2
176.3644354698587,169.11114478949875,175.83026486133681,67.03861271223946,warrior2
172.62972861712527,176.30414275679274,161.0743783555883,106.84877900727388,warrior2
176.19094889509245,171.255573614782,128.85279700232974,171.48356141038525,warrior2
170.90315671867415,170.9446943826346,175.9215202207391,97.63117514406619,warrior2
172.61360687059118,171.74141748401397,169.10650130109786,116.9968253277523,warrior2
173.30009067580417,165.5570287043119,178.99519051818524,107.01412019047144,warrior2
177.25223467626645,164.74896767637605,169.27044068387121,113.96058535419795,warrior2
173.1823743162462,178.354367660809,179.54036417902094,111.1050830825364,warrior2
166.30912305172924,174.13751309640608,124.62326607509632,168.57193531315892,warrior2
178.25647289638187,171.2615467513093,104.34510332106035,175.40466273496787,warrior2
173.18249018731186,173.4556709554869,174.74055627797847,115.18962412254423,warrior2
167.61001388266962,172.36175357995424,174.28778715215938,111.26209701720244,warrior2
175.9043358839394,179.03214714540053,132.9752706400573,178.0588492357627,warrior2
176.19094889509245,171.255573614782,128.85279700232974,171.48356141038525,warrior2
172.61360687059118,171.74141748401397,169.10650130109786,116.9968253277523,warrior2
173.30009067580417,165.5570287043119,178.99519051818524,107.01412019047144,warrior2
173.1823743162462,178.354367660809,179.54036417902094,111.1050830825364,warrior2
170.90315671867415,170.9446943826346,175.9215202207391,97.63117514406619,warrior2
178.25647289638187,171.2615467513093,104.34510332106035,175.40466273496787,warrior2
166.30912305172924,174.13751309640608,124.62326607509632,168.57193531315892,warrior2
173.18249018731186,173.4556709554869,174.74055627797847,115.18962412254423,warrior2
167.61001388266962,172.36175357995424,174.28778715215938,111.26209701720244,warrior2
175.9043358839394,179.03214714540053,132.9752706400573,178.0588492357627,warrior2
177.92457038794169,173.56004839909713,105.85553309467335,173.16977520134944,warrior2
177.52235467467298,172.63639899003985,179.22514935099593,93.0341548203282,warrior2
63.86952070053529,165.49943905455066,176.87904539805243,138.86337242084943,warrior2
179.4159596687301,171.84327903236783,178.51516238890056,107.14184487160743,warrior2
177.66127979349,176.9682247027819,172.13261318411426,112.52313071194857,warrior2
167.68533812955621,168.9430047999997,167.24654219242274,121.79652697176402,warrior2
177.43025348018085,171.940769008187,87.88538559411924,177.04655780292487,warrior2
163.52141686527943,153.547128210179,176.49927899161784,113.68582029882378,warrior2
172.47891267707595,164.0558580005317,99.69570745715282,175.23776661903244,warrior2
159.89002544528924,167.20451072460415,98.54229909210454,177.473407698287,warrior2
174.5269316378567,170.89320310818903,178.68820961855397,117.15327690966387,warrior2
164.44287778159477,158.79418958213014,174.6376512171856,118.74398012675829,warrior2
174.9392771459351,178.7004874378775,107.21422176363606,175.70234961768895,warrior2
141.33409799913045,160.44337419547034,106.1596624517295,175.75933401945676,warrior2
171.09037988575602,173.02128429807166,178.8888673533609,120.25522219191068,warrior2
174.5210178941425,176.2048023260531,174.10639405267077,109.75310576388924,warrior2
175.3258446223886,175.6979399906075,173.5513912940714,104.55047131147525,warrior2
179.88403322290355,159.77199751633165,108.7858094100389,175.0866147240235,warrior2
177.1622228016677,177.41464587410115,177.3559992662736,103.29914549619203,warrior2
168.6699763492481,166.33033947319177,176.44483726664646,128.2202521740983,warrior2
175.19838053717805,156.57445227280215,168.530865643688,109.2809693967702,warrior2
166.45634180836862,171.2173944831782,173.66265840716903,131.69314341601626,warrior2
178.72189384523645,176.62981252958306,171.1352900514206,92.21775534602135,warrior2
174.05382555716565,174.23296145847203,175.73602186347327,103.5370159736424,warrior2
172.3068631880236,172.51847330071814,102.65469392317061,176.58902769151234,warrior2
170.4478484534601,175.2636728171424,168.57419757755594,97.84744227683797,warrior2
158.45959482510003,168.4838181528287,106.44700478230456,155.68831565199082,warrior2
117.16019965104175,176.93684467058722,143.07164467224683,121.81370018836114,warrior2
165.39190309400806,165.21948288760248,172.89093606354277,171.9623596929791,warrior2
173.57248143670517,179.0592346618709,118.29907633441655,177.33563123252353,warrior2
176.95319780107366,179.26717010368458,179.61376674477222,105.59793592153311,warrior2
168.2371743081981,173.15690132019574,179.7364623379023,113.71927773462227,warrior2
174.62564566985887,174.134906850795,146.5312417590369,143.3448559016925,warrior2
177.43025348018085,171.940769008187,87.88538559411924,177.04655780292487,warrior2
170.49528677199754,175.78142156257667,164.38182891332158,177.96145949478387,warrior2
178.870903076215,176.21458257964517,178.25860233000645,105.55314811529766,warrior2
177.76373399522168,174.20163370877623,169.78649705461027,115.93711564132589,warrior2
171.04649168020487,162.37810729792693,175.57485529540898,102.3946081718038,warrior2
178.43549736322436,174.78402840212095,174.9828315790789,118.67017882276167,warrior2
170.4478484534601,175.2636728171424,168.57419757755594,97.84744227683797,warrior2
179.90247730063294,174.2456098942268,100.82606567930424,176.00572603891843,warrior2
174.59882552760138,177.45031783208796,178.70235927559224,122.54275275740991,warrior2
176.43930566489425,174.60798355760105,110.15618538598696,176.77929519719186,warrior2
166.29447461230728,174.07143845572136,149.13824567533499,95.12790273876402,warrior2
168.12015006933996,160.93935004888496,137.53996570481425,174.3943217581491,warrior2
174.5193290532372,174.34566642315482,177.2376058604154,125.9852511520313,warrior2
174.85253465580212,177.2524343718139,178.43828936359563,124.52103302825812,warrior2
173.30925517723932,176.7796051134631,178.62622515582422,96.50721301637616,warrior2
145.3483363516842,128.65642209216824,149.05438462252016,170.68319825790374,warrior2
171.89422626963884,172.81736340827237,173.98235368483085,127.68747194766534,warrior2
160.44115921949538,172.62417624614028,173.04602770885856,94.12377626866059,warrior2
164.0290945736335,167.67481019674526,98.35949168517146,175.48474620257244,warrior2
176.94325648363238,175.81910118496765,177.12811841888828,106.38444901848712,warrior2
153.0730966637172,170.11037601440523,127.67201923472058,178.82829221834092,warrior2
155.72098355417205,169.97333813776456,84.95499822579455,77.39810205428545,warrior2
172.48283592766632,172.12922743978015,166.7269671665745,121.81520465604916,warrior2
166.30912305172924,174.13751309640608,124.62326607509632,168.57193531315892,warrior2
177.47831483768212,179.61669801011067,116.48707493573716,178.84150611095873,warrior2
175.8511184019649,179.08408926186607,177.95250443784772,159.0488090309717,warrior2
176.19094889509245,171.255573614782,128.85279700232974,171.48356141038525,warrior2
165.6508114934135,164.92298652432655,155.16961702074136,83.67301131539607,warrior2
173.6445460452493,160.6674227755979,178.62770232762142,119.19551834870505,warrior2
157.48242182646442,156.55302423675428,177.7447669389395,137.91145527902535,warrior2
179.27085706837067,172.38315430777388,177.22967901794647,121.99531204735597,warrior2
178.72189384523645,176.62981252958306,171.1352900514206,92.21775534602135,warrior2
179.2914718676568,165.90221754948237,162.02426542957738,125.2489429960373,warrior2
159.7133603931164,161.89662850690038,171.17806676122038,98.01018976934077,warrior2
171.0741732482031,171.87780903847604,176.5478043388094,100.8073799016302,warrior2
179.81473637909113,175.57150752760123,178.71114534746116,106.5455894833893,warrior2
171.04649168020487,162.37810729792693,175.57485529540898,102.3946081718038,warrior2
176.65107623749927,176.00409901689292,165.80336139866893,128.60960656815433,warrior2
174.62564566985887,174.134906850795,146.5312417590369,143.3448559016925,warrior2
157.70306675763788,156.6159958745042,179.8383480466553,91.12334773655618,warrior2
158.45959482510003,168.4838181528287,106.44700478230456,155.68831565199082,warrior2
5.455530334965295,164.4999371182648,177.7841509461212,137.9770038497839,warrior2
177.90515697709736,175.86051922474078,118.4424652792448,179.21285334922763,warrior2
168.2371743081981,173.15690132019574,179.7364623379023,113.71927773462227,warrior2
157.5633305932807,162.15690664243093,172.75695221027053,176.79143023117504,warrior2
174.52237614264854,171.38693437367562,173.3276536972924,135.27879558525007,warrior2
175.43905129820413,176.4970049355655,137.1754794588924,169.8088390926583,warrior2
166.45634180836862,171.2173944831782,173.66265840716903,131.69314341601626,warrior2
24.714628518360463,179.8835133609193,162.6659656025237,119.89124865957538,warrior2
165.48937122754427,168.58308383774877,171.88256368827408,104.00504823619086,warrior2
178.63720248597275,177.49852806361764,43.98501100068586,29.362663517410432,warrior2
155.72532818740532,172.68284981113197,174.4346868315851,112.51624228531482,warrior2
173.25234136498818,174.36215106170994,177.57532586927138,179.4388137292479,warrior2
171.20723682907564,176.9750009365493,179.07102122770524,177.7499067560475,warrior2
177.4893921334443,175.9412538551143,133.07887233619883,179.62110774489568,warrior2
177.17622769746603,170.0411717720345,115.36872083321386,178.8005047094935,warrior2
177.1622228016677,177.41464587410115,177.3559992662736,103.29914549619203,warrior2
154.82239931263678,144.20483736812372,28.320251623277,77.48301246180172,warrior2
167.0097329302678,170.09345316514057,119.7291842929944,178.205266092387,warrior2
150.22391103744778,147.1841719347914,85.64794588309917,164.77062196108818,warrior2
177.30006266602678,174.83983371607104,177.09238678118237,128.84068663770114,warrior2
157.70306675763788,156.6159958745042,179.8383480466553,91.12334773655618,warrior2
178.63720248597275,177.49852806361764,43.98501100068586,29.362663517410432,warrior2
175.43905129820413,176.4970049355655,137.1754794588924,169.8088390926583,warrior2
150.75360743690905,154.8996007245099,174.6380876174616,119.99224444993553,warrior2
168.2371743081981,173.15690132019574,179.7364623379023,113.71927773462227,warrior2
172.25743382124335,173.28739268614575,173.4409186649531,119.23782166621461,warrior2
161.68260822816825,163.5713537121289,110.81197495673285,178.5607600436211,warrior2
176.65107623749927,176.00409901689292,165.80336139866893,128.60960656815433,warrior2
167.3394199018309,171.5774967200232,177.48157485164162,114.12048630287043,warrior2
177.7078669603414,175.68350799000555,177.27005915899414,123.12288679345444,warrior2
177.17622769746603,170.0411717720345,115.36872083321386,178.8005047094935,warrior2
162.61930045195487,179.8708182959285,178.3812563369785,134.59304031368026,warrior2
166.93137875336123,169.30366515980322,177.01837308523486,141.3218647304808,warrior2
161.84542749607584,164.00042096597267,111.46346296452978,171.1900407049922,warrior2
172.56532843316785,175.52080080537067,134.48273451031483,179.09406846055415,warrior2
167.53439672131452,172.44638629797677,175.01355723844515,104.87585968498263,warrior2
166.53153901656407,155.54827224563908,164.07580932330177,164.49102633432307,warrior2
179.63317397826407,172.07656369034325,85.92181275151906,171.8317326719071,warrior2
163.0610580819401,177.68810167375756,99.56717708003765,176.55234323554603,warrior2
179.86244376134775,166.25933762866813,99.71952921768322,176.37114480097628,warrior2
157.48242182646442,156.55302423675428,177.7447669389395,137.91145527902535,warrior2
179.23293434238187,172.4432541084439,102.3661346576713,177.97010911121455,warrior2
175.1324262870182,175.20831689419276,178.1803191183751,114.69290738782138,warrior2
173.04359165288074,167.95261846622907,171.8561907200148,176.2304574602721,warrior2
168.44960514567123,162.88038611078906,178.2694689402495,144.6924229580052,warrior2
164.17785274450156,173.21770124976555,133.44751151763253,177.92980327461834,warrior2
155.2495991431228,175.48911605603053,111.43336432063484,179.42162075240105,warrior2
179.58279678591362,174.02907968686966,175.6399462612281,126.16900871841008,warrior2
177.49952593020274,179.5109640561972,101.5531672909695,175.835407783683,warrior2
176.22495674516836,158.64379247503726,179.48006961656444,100.42201280602809,warrior2
177.6583690632738,179.10707380650564,179.1312095131242,126.45213827276065,warrior2
179.71994132503409,178.2920981123856,19.60552186411269,44.897320297149165,warrior2
178.58884780776145,172.23078459075685,99.54557851605995,179.11274593010086,warrior2
175.82736412345352,172.81345999460518,179.15183226044735,121.07121276520823,warrior2
173.6676849331445,121.78568904163535,178.89429233106281,93.31746210808308,warrior2
176.05378069266524,179.44012320329173,177.19626703300418,117.35356463983652,warrior2
168.7896366472064,170.90169174228828,97.67934764448958,171.040657751205,warrior2
179.71994132503409,178.2920981123856,19.60552186411269,44.897320297149165,warrior2
172.98054901646685,177.93672716042656,151.56080317457875,93.53233159062536,warrior2
176.21388522989048,174.53008579426563,177.56110024601634,107.67213453466111,warrior2
171.52033967006346,172.65936924560043,144.86163528063798,64.24581475396762,warrior2
177.6583690632738,179.10707380650564,179.1312095131242,126.45213827276065,warrior2
176.22495674516836,158.64379247503726,179.48006961656444,100.42201280602809,warrior2
175.66997946466722,177.99467414478377,176.08601690219675,102.33783883216013,warrior2
164.0290945736335,167.67481019674526,98.35949168517146,175.48474620257244,warrior2
177.34153800481118,178.37707319988647,132.92568698747206,178.71159106462702,warrior2
166.72319046382583,176.22011963553888,175.7386519311654,130.9318791275975,warrior2
170.66748984040132,179.27569246718997,178.17637235893375,122.41720859087205,warrior2
173.51491523339038,169.35579733863256,101.75029016717434,171.88375130967486,warrior2
174.32802964894339,176.90567237393745,177.7606278442137,103.59779586384126,warrior2
160.44115921949538,172.62417624614028,173.04602770885856,94.12377626866059,warrior2
178.23370945741607,175.7761037447369,178.4270829732044,101.5239112165425,warrior2
159.74363090011227,171.36203383712856,178.22349418839596,98.57347054234599,warrior2
152.23367839533182,161.06208595881748,178.10646646368556,144.5039631144303,warrior2
173.20369365679375,173.04916513299145,175.27475444439997,119.40649549158758,warrior2
177.22276089620522,178.25749987168692,107.27503560431036,176.3311411517932,warrior2
152.48496902314605,172.4095793877688,9.23555855243435,56.28424153721313,warrior2
177.95397471468746,178.57382728718508,179.09640927568861,118.57785188665991,warrior2
152.23367839533182,161.06208595881748,178.10646646368556,144.5039631144303,warrior2
173.20369365679375,173.04916513299145,175.27475444439997,119.40649549158758,warrior2
177.95397471468746,178.57382728718508,179.09640927568861,118.57785188665991,warrior2
177.22276089620522,178.25749987168692,107.27503560431036,176.3311411517932,warrior2
152.48496902314605,172.4095793877688,9.23555855243435,56.28424153721313,warrior2
179.98754947786182,177.5461006107404,179.25567115281646,120.93136474504566,warrior2
169.54050618913163,168.95966678894908,171.66679633398363,88.55071768241163,warrior2
156.30756143361126,154.91143649657414,174.47513140382063,121.269462258078,warrior2
160.21923896634058,154.88442026235174,169.7822714800563,161.53388405479163,warrior2
172.70007747331977,176.70928325857585,170.8619884640151,111.47948574335243,warrior2
174.34385230300052,178.2347243589639,171.53917433384183,113.76670233623963,warrior2
177.8779539741598,177.08057061087968,173.95629320906215,119.67877892413796,warrior2
173.97482298982226,174.55369777736416,104.87280029189475,178.55939213713785,warrior2
170.54869755565667,179.45254789083472,104.5744927986463,177.6574358804988,warrior2
164.44635505302745,171.24582097789207,123.94795584881595,168.09546978325412,warrior2
15.710648076599774,171.20407358348072,30.429322757692418,67.09772246989687,warrior2
164.9419893031762,167.7396160588763,179.31935103591567,123.49356796049986,warrior2
175.92945023102317,168.51997698932598,175.89135552943634,94.0253755378177,warrior2
174.44871475624285,179.2911327426266,134.40599645370153,179.0103827954555,warrior2
174.52739013546622,178.7797658356045,179.82108189237977,117.20608927410754,warrior2
179.21237426184393,99.78665705632827,119.1920632435201,179.25129535538173,warrior2
172.89890621533127,162.66006467467164,110.78942405573915,138.77098718783657,warrior2
178.60304105332463,175.00038192817607,176.4532669122675,126.6512079885339,warrior2
170.069505417367,177.94775432590095,178.0574744403043,96.12302656191578,warrior2
89.32378659449071,152.12764552620382,178.0954020007974,147.4210777799282,warrior2
178.54721704497842,175.87478889885105,175.24275842530633,115.6914447213039,warrior2
179.08166336596543,171.4958022579468,173.7962965288164,114.62338970915879,warrior2
171.65798505818208,172.96329266117732,178.3110448604418,119.48551972530849,warrior2
168.97244974133542,177.70253855755237,173.25115453913637,105.24090450252461,warrior2
